Workbook

Sheet Settings
A1: Bill Split Settings
A3: Bill | B3: Her share
A4: Groceries | B4: 0.4
A5: Power | B5: 0.5
A6: Internet | B6: 0.5
A9: How to use
A10: 1. Each month, enter the totals in the yellow cells on the 'Monthly' tab (groceries, power, internet).
A11: 2. When she pays you, enter the amount in the 'Paid' column.
A12: 3. Everything else calculates automatically: her share, what's still owing, and the running balance.
A13: 4. Change the percentages above (yellow cells) if the split ever changes.
A14: Row 1 on the Monthly tab (Nov 2026) has example numbers - overwrite them with your real figures.

Sheet Monthly
A1: Monthly Owings
A2: Yellow = enter values. Everything else is calculated.
A4: Month | B4: Groceries Total | C4: Power Bill | D4: Internet Bill | E4: Her Groceries (40%) | F4: Her Power (50%) | G4: Her Internet (50%) | H4: Total Owed | I4: Paid | J4: Remaining This Month | K4: Running Balance | L4: Notes | N4: She currently owes
A5: Nov 2026 | B5: 820 | C5: 165.4 | D5: 89.99 | E5: =B5*Settings!$B$4 -> 328 | F5: =C5*Settings!$B$5 -> 82.7 | G5: =D5*Settings!$B$6 -> 44.995 | H5: =SUM(E5:G5) -> 455.695 | I5: 400 | J5: =H5-I5 -> 55.695 | K5: =J5 -> 55.695 | L5: Example figures - replace with real ones | N5: =K17 -> 55.695
A6: Dec 2026 | E6: =B6*Settings!$B$4 -> 0 | F6: =C6*Settings!$B$5 -> 0 | G6: =D6*Settings!$B$6 -> 0 | H6: =SUM(E6:G6) -> 0 | J6: =H6-I6 -> 0 | K6: =K5+J6 -> 55.695
A7: Jan 2027 | E7: =B7*Settings!$B$4 -> 0 | F7: =C7*Settings!$B$5 -> 0 | G7: =D7*Settings!$B$6 -> 0 | H7: =SUM(E7:G7) -> 0 | J7: =H7-I7 -> 0 | K7: =K6+J7 -> 55.695
A8: Feb 2027 | E8: =B8*Settings!$B$4 -> 0 | F8: =C8*Settings!$B$5 -> 0 | G8: =D8*Settings!$B$6 -> 0 | H8: =SUM(E8:G8) -> 0 | J8: =H8-I8 -> 0 | K8: =K7+J8 -> 55.695
A9: Mar 2027 | E9: =B9*Settings!$B$4 -> 0 | F9: =C9*Settings!$B$5 -> 0 | G9: =D9*Settings!$B$6 -> 0 | H9: =SUM(E9:G9) -> 0 | J9: =H9-I9 -> 0 | K9: =K8+J9 -> 55.695
A10: Apr 2027 | E10: =B10*Settings!$B$4 -> 0 | F10: =C10*Settings!$B$5 -> 0 | G10: =D10*Settings!$B$6 -> 0 | H10: =SUM(E10:G10) -> 0 | J10: =H10-I10 -> 0 | K10: =K9+J10 -> 55.695
A11: May 2027 | E11: =B11*Settings!$B$4 -> 0 | F11: =C11*Settings!$B$5 -> 0 | G11: =D11*Settings!$B$6 -> 0 | H11: =SUM(E11:G11) -> 0 | J11: =H11-I11 -> 0 | K11: =K10+J11 -> 55.695
A12: Jun 2027 | E12: =B12*Settings!$B$4 -> 0 | F12: =C12*Settings!$B$5 -> 0 | G12: =D12*Settings!$B$6 -> 0 | H12: =SUM(E12:G12) -> 0 | J12: =H12-I12 -> 0 | K12: =K11+J12 -> 55.695
A13: Jul 2027 | E13: =B13*Settings!$B$4 -> 0 | F13: =C13*Settings!$B$5 -> 0 | G13: =D13*Settings!$B$6 -> 0 | H13: =SUM(E13:G13) -> 0 | J13: =H13-I13 -> 0 | K13: =K12+J13 -> 55.695
A14: Aug 2027 | E14: =B14*Settings!$B$4 -> 0 | F14: =C14*Settings!$B$5 -> 0 | G14: =D14*Settings!$B$6 -> 0 | H14: =SUM(E14:G14) -> 0 | J14: =H14-I14 -> 0 | K14: =K13+J14 -> 55.695
A15: Sep 2027 | E15: =B15*Settings!$B$4 -> 0 | F15: =C15*Settings!$B$5 -> 0 | G15: =D15*Settings!$B$6 -> 0 | H15: =SUM(E15:G15) -> 0 | J15: =H15-I15 -> 0 | K15: =K14+J15 -> 55.695
A16: Oct 2027 | E16: =B16*Settings!$B$4 -> 0 | F16: =C16*Settings!$B$5 -> 0 | G16: =D16*Settings!$B$6 -> 0 | H16: =SUM(E16:G16) -> 0 | J16: =H16-I16 -> 0 | K16: =K15+J16 -> 55.695
A17: TOTAL | B17: =SUM(B5:B16) -> 820 | C17: =SUM(C5:C16) -> 165.4 | D17: =SUM(D5:D16) -> 89.99 | E17: =SUM(E5:E16) -> 328 | F17: =SUM(F5:F16) -> 82.7 | G17: =SUM(G5:G16) -> 44.995 | H17: =SUM(H5:H16) -> 455.695 | I17: =SUM(I5:I16) -> 400 | J17: =SUM(J5:J16) -> 55.695 | K17: =K16 -> 55.695
